INSERT INTO departamentos (id, departamento) VALUES(1, 'Antioquia');
INSERT INTO departamentos (id, departamento) VALUES(2, 'Atlantico');
INSERT INTO departamentos (id, departamento) VALUES(3, 'D. C. Santa Fe de Bogotá');
INSERT INTO departamentos (id, departamento) VALUES(4, 'Bolivar');
INSERT INTO departamentos (id, departamento) VALUES(5, 'Boyaca');
INSERT INTO departamentos (id, departamento) VALUES(6, 'Caldas');
INSERT INTO departamentos (id, departamento) VALUES(7, 'Caqueta');
INSERT INTO departamentos (id, departamento) VALUES(8, 'Cauca');
INSERT INTO departamentos (id, departamento) VALUES(9, 'Cesar');
INSERT INTO departamentos (id, departamento) VALUES(10, 'Cordova');
INSERT INTO departamentos (id, departamento) VALUES(11, 'Cundinamarca');
INSERT INTO departamentos (id, departamento) VALUES(12, 'Choco');
INSERT INTO departamentos (id, departamento) VALUES(13, 'Huila');
INSERT INTO departamentos (id, departamento) VALUES(14, 'La Guajira');
INSERT INTO departamentos (id, departamento) VALUES(15, 'Magdalena');
INSERT INTO departamentos (id, departamento) VALUES(16, 'Meta');
INSERT INTO departamentos (id, departamento) VALUES(17, 'Nariño');
INSERT INTO departamentos (id, departamento) VALUES(18, 'Norte de Santander');
INSERT INTO departamentos (id, departamento) VALUES(19, 'Quindio');
INSERT INTO departamentos (id, departamento) VALUES(20, 'Risaralda');
INSERT INTO departamentos (id, departamento) VALUES(21, 'Santander');
INSERT INTO departamentos (id, departamento) VALUES(22, 'Sucre');
INSERT INTO departamentos (id, departamento) VALUES(23, 'Tolima');
INSERT INTO departamentos (id, departamento) VALUES(24, 'Valle');
INSERT INTO departamentos (id, departamento) VALUES(25, 'Arauca');
INSERT INTO departamentos (id, departamento) VALUES(26, 'Casanare');
INSERT INTO departamentos (id, departamento) VALUES(27, 'Putumayo');
INSERT INTO departamentos (id, departamento) VALUES(28, 'San Andres');
INSERT INTO departamentos (id, departamento) VALUES(29, 'Amazonas');
INSERT INTO departamentos (id, departamento) VALUES(30, 'Guainia');
INSERT INTO departamentos (id, departamento) VALUES(31, 'Guaviare');
INSERT INTO departamentos (id, departamento) VALUES(32, 'Vaupes');
INSERT INTO departamentos (id, departamento) VALUES(33, 'Vichada');


INSERT INTO ciudades (id, ciudad, departamento_id) VALUES(1, 'MEDELLIN', 1);
INSERT INTO ciudades (id, ciudad, departamento_id) VALUES(2, 'BARRANQUILLA', 2);
INSERT INTO ciudades (id, ciudad, departamento_id) VALUES(3, 'Santa Fe de Bogotá', 3);
INSERT INTO ciudades (id, ciudad, departamento_id) VALUES(4, 'USAQUEN', 3);
INSERT INTO ciudades (id, ciudad, departamento_id) VALUES(5, 'CHAPINERO', 3);
INSERT INTO ciudades (id, ciudad, departamento_id) VALUES(6, 'SANTA FE', 3);
INSERT INTO ciudades (id, ciudad, departamento_id) VALUES(7, 'SAN CRISTOBAL', 3);
INSERT INTO ciudades (id, ciudad, departamento_id) VALUES(8, 'USME', 3);
INSERT INTO ciudades (id, ciudad, departamento_id) VALUES(9, 'TUNJUELITO', 3);
INSERT INTO ciudades (id, ciudad, departamento_id) VALUES(10, 'BOSA', 3);
INSERT INTO ciudades (id, ciudad, departamento_id) VALUES(11, 'KENNEDY', 3);
INSERT INTO ciudades (id, ciudad, departamento_id) VALUES(12, 'FONTIBON', 3);
INSERT INTO ciudades (id, ciudad, departamento_id) VALUES(13, 'ENGATIVA', 3);
INSERT INTO ciudades (id, ciudad, departamento_id) VALUES(14, 'SUBA', 3);
INSERT INTO ciudades (id, ciudad, departamento_id) VALUES(15, 'BARRIOS UNIDOS', 3);
INSERT INTO ciudades (id, ciudad, departamento_id) VALUES(16, 'TEUSAQUILLO', 3);
INSERT INTO ciudades (id, ciudad, departamento_id) VALUES(|7, 'MARTIRES', 3);
INSERT INTO ciudades (id, ciudad, departamento_id) VALUES(18, 'ANTONIO NARIÑO', 3);
INSERT INTO ciudades (id, ciudad, departamento_id) VALUES(19, 'PUENTE ARANDA', 3);
INSERT INTO ciudades (id, ciudad, departamento_id) VALUES(20, 'CANDELARIA', 3);
INSERT INTO ciudades (id, ciudad, departamento_id) VALUES(21, 'RAFAEL URIBE', 3);
INSERT INTO ciudades (id, ciudad, departamento_id) VALUES(22, 'CIUDAD BOLIVAR', 3);
INSERT INTO ciudades (id, ciudad, departamento_id) VALUES(23, 'SUMAPAZ', 3);
INSERT INTO ciudades (id, ciudad, departamento_id) VALUES(24, 'CARTAGENA',4);
INSERT INTO ciudades (id, ciudad, departamento_id) VALUES(25, 'TUNJA',5);
INSERT INTO ciudades (id, ciudad, departamento_id) VALUES(26, 'MANIZALES',6);
INSERT INTO ciudades (id, ciudad, departamento_id) VALUES(27, 'FLORENCIA',7);
INSERT INTO ciudades (id, ciudad, departamento_id) VALUES(28, 'POPAYAN',8);
INSERT INTO ciudades (id, ciudad, departamento_id) VALUES(29, 'VALLEDUPAR',9);
INSERT INTO ciudades (id, ciudad, departamento_id) VALUES(30, 'MONTERIA',10);
INSERT INTO ciudades (id, ciudad, departamento_id) VALUES(31, 'AGUA DE DIOS',11);
INSERT INTO ciudades (id, ciudad, departamento_id) VALUES(32, 'QUIBDO',12);
INSERT INTO ciudades (id, ciudad, departamento_id) VALUES(33, 'NEIVA',13);
INSERT INTO ciudades (id, ciudad, departamento_id) VALUES(34, 'RIOHACHA',14);
INSERT INTO ciudades (id, ciudad, departamento_id) VALUES(35, 'SANTA MARTA',15);
INSERT INTO ciudades (id, ciudad, departamento_id) VALUES(36, 'VILLAVICENCIO',16);
INSERT INTO ciudades (id, ciudad, departamento_id) VALUES(37, 'PASTO',17);
INSERT INTO ciudades (id, ciudad, departamento_id) VALUES(38, 'CUCUTA',18);
INSERT INTO ciudades (id, ciudad, departamento_id) VALUES(39, 'ARMENIA',19);
INSERT INTO ciudades (id, ciudad, departamento_id) VALUES(40, 'PEREIRA',20);
INSERT INTO ciudades (id, ciudad, departamento_id) VALUES(41, 'BUCARAMANGA',21);
INSERT INTO ciudades (id, ciudad, departamento_id) VALUES(42, 'SINCELEJO',22);
INSERT INTO ciudades (id, ciudad, departamento_id) VALUES(43, 'IBAGUE',23);
INSERT INTO ciudades (id, ciudad, departamento_id) VALUES(44, 'CALI',24);
INSERT INTO ciudades (id, ciudad, departamento_id) VALUES(45, 'ARAUCA',25);
INSERT INTO ciudades (id, ciudad, departamento_id) VALUES(46, 'YOPAL',26);
INSERT INTO ciudades (id, ciudad, departamento_id) VALUES(47, 'MOCOA',27);
INSERT INTO ciudades (id, ciudad, departamento_id) VALUES(48, 'SAN ANDRES',28);
INSERT INTO ciudades (id, ciudad, departamento_id) VALUES(49, 'PROVIDENCIA',28);
INSERT INTO ciudades (id, ciudad, departamento_id) VALUES(50, 'LETICIA',29);
INSERT INTO ciudades (id, ciudad, departamento_id) VALUES(51, 'PUERTO INIRIDA',30);
INSERT INTO ciudades (id, ciudad, departamento_id) VALUES(52, 'SAN JOSE DEL GUAVIARE',31);
INSERT INTO ciudades (id, ciudad, departamento_id) VALUES(53, 'MITU',32);
INSERT INTO ciudades (id, ciudad, departamento_id) VALUES(54, 'PUERTO CARREÑO',33);

insert into oficinas (nombre,direccion) values('Albania sede inmentrega','carrera 123 # 127 -85');
insert into oficinas (nombre,direccion) values('unicentro sede inmentrega','carrera 127');
insert into oficinas (nombre,direccion) values('Centro sede inmentrega','carrera 10 # 22-5');
insert into oficinas (nombre,direccion) values('Centro distribucion','calle 26 # 22-5');

insert into oficina_ciudades(oficina_id,ciudad_id) values(1,1);
insert into oficina_ciudades(oficina_id,ciudad_id) values(2,1);
insert into oficina_ciudades(oficina_id,ciudad_id) values(3,1);
insert into oficina_ciudades(oficina_id,ciudad_id) values(4,1);

